ID,Title,Status,Release,Description,RoadmapLink,MicrosoftNotes
500390,"Outlook: Snooze, Pin and Ignore in the read pop-out ribbon in New Outlook and Outlook for Web",In development,September CY2025,"Snooze, pin, and ignore actions are available in the read pop-out ribbon in Outlook for Web and Windows to improve triage efficiency and user control. #newoutlookforwindows",https://www.microsoft.com/en-us/microsoft-365/roadmap?featureid=500390,
499429,Microsoft Copilot (Microsoft 365): [Copilot Chat] Search based user RSVP status,In development,September CY2025,"Users will be able to search for meetings based on Self RSVP and Others RSVP status in Copilot Chat. Example prompts for a user looking for their own RSVP status include: ""Meetings I have accepted/declined/marked tentative for today"" ""Did I accept Project OKR review meeting"" ""List all events I have not RSVPed"". Example prompts for a user looking for other individuals' RSVP status include: ""List RSVP status of attendees for the review meeting"" ""Who all have accepted the next meeting?"" ""Will Sarah attend Project review meet?""",https://www.microsoft.com/en-us/microsoft-365/roadmap?featureid=499429,
500866,Microsoft Copilot (Microsoft 365): [Copilot Chat] Launch the full Microsoft 365 Copilot app when using Copilot Chat in the Microsoft 365 apps,In development,September CY2025,"When using the Copilot Chat side pane in Microsoft 365 apps, users will be able to launch the full Microsoft 365 Copilot app from a dedicated button. Additionally, accessing some features in the side pane will launch the full app.",https://www.microsoft.com/en-us/microsoft-365/roadmap?featureid=500866,
500864,Microsoft Copilot (Microsoft 365): Reference a Loop or Page when creating a presentation with Copilot,In development,September CY2025,You can now reference a Loop or Page when you create a presentation with Copilot within the PowerPoint application.,https://www.microsoft.com/en-us/microsoft-365/roadmap?featureid=500864,
500863,Microsoft Copilot (Microsoft 365): Reference a Loop or Page when creating a presentation with Copilot,In development,September CY2025,You can now reference a Loop or Page when you create a presentation with Copilot within the PowerPoint application.,https://www.microsoft.com/en-us/microsoft-365/roadmap?featureid=500863,
500862,Microsoft Copilot (Microsoft 365): Reference a Loop or Page when creating a presentation with Copilot,In development,September CY2025,You can now reference a Loop or Page when you create a presentation with Copilot within the PowerPoint application.,https://www.microsoft.com/en-us/microsoft-365/roadmap?featureid=500862,
500696,Microsoft Teams: New Organization chart in the Profile Card for Web and Desktop,In development,September CY2025,"With the new org chart users will not only be able to contextaulize a person, they will also be able to scroll through visited profiles, see a manager's reports counts, and more.",https://www.microsoft.com/en-us/microsoft-365/roadmap?featureid=500696,
500379,Microsoft Teams: AI Workflows in Workflows app,In development,September CY2025,"With AI Workflows in the Workflows app, you will have access to custom AI-powered templates to automate complex tasks and streamline daily operations. AI Workflows enhance productivity by simplifying task execution and helping users stay organized throughout the day. Admins can enable this feature to equip users with intelligent automation tools that make managing work more efficient and intuitive.",https://www.microsoft.com/en-us/microsoft-365/roadmap?featureid=500379,
499901,Outlook: Automatic Draft Minimize,In development,September CY2025,"When users close a draft in progress, it automatically minimizes instead of closing completely. The minimized draft can now be quickly accessed via a button that appears in the message list.RetryClaude can make mistakes. Please double-check responses.",https://www.microsoft.com/en-us/microsoft-365/roadmap?featureid=499901,
500873,Microsoft 365: eSignature Smart Tagging for Electronically Signed Documents,In development,September CY2025,"Documents that have been electronically signed will now be automatically recognized and tagged as “Signed” upon upload to SharePoint. This enhancement also applies retroactively as existing e-signed files will be updated with the appropriate tags. To give users more visibility and control, we’re introducing two optional metadata columns for document libraries: Electronically Signed – Indicates whether a document has been eSigned. Signature Provider – Displays the service used for the eSignature. This feature is available exclusively to tenants with eSignature enabled, helping streamline compliance tracking and document management.",https://www.microsoft.com/en-us/microsoft-365/roadmap?featureid=500873,
500380,Microsoft Teams: Private channels increased limits and transition to group compliance,In development,September CY2025,"We are updating private channels to align with compliance model for all channels. After this change, compliance policies applied to the team (M365 Group) will apply to all channels in the team - across standard, private, and shared. Private channels will no longer need user level targeting of policies different from other channels, and private channel compliance messages will no longer be copied to user mailboxes, relying on a dedicated, internal mailbox per channel like shared channels. In addition, limits for private channels will be increased so each team can have more than 30 private channels, up to the 1000 total channel limit per team. Private channel member limits will increase from 250 to 5000. You will also be able to schedule meetings in private channels.
",https://www.microsoft.com/en-us/microsoft-365/roadmap?featureid=500380,
500160,Outlook: Chat for Outlook iOS and Android,In development,September CY2025,"On phone devices, users currently access Copilot Chat in Outlook Mobile via a tab at the bottom of their screen (or in Apps). Outlook is introducing a new Copilot Chat overlay experience, allowing users to chat with Copilot while continuing to interact with their email, calendar, and contacts. This overlay will be context-aware—understanding what the user is viewing—so users can ask Copilot about the content on their screen. 

Users with M365 Copilot licenses will also benefit from Copilot’s ability to  draw on Microsoft 365 Graph to provide richer, more personalized responses. ",https://www.microsoft.com/en-us/microsoft-365/roadmap?featureid=500160,
498219,"Microsoft Copilot (Microsoft 365): Surveys Agent helps you build, run, and analyze surveys",In development,September CY2025,"Surveys Agent is your expert companion in Microsoft 365 Copilot for building smarter surveys—start to finish. From crafting the survey, launching and collecting data, or analyzing results, Surveys Agent is there to guide you every step of the way. It’s like having a professional survey designer and data analyst at your fingertips—so you can focus on making confident, insight-driven decisions. ",https://www.microsoft.com/en-us/microsoft-365/roadmap?featureid=498219,
500633, Microsoft Copilot (Microsoft 365): Initiate Copilot Chat by sharing files to the Microsoft 365 Copilot app on iPhone,In development,September CY2025,"When users on iPhone choose the action to share a Word, Excel, or PowerPoint file from a third party app (including Files) and choose Microsoft 365 Copilot as the target app, they will automatically be redirected to a Copilot Chat session in the Microsoft 365 Copilot app with the file summary populated. Users will then have the option to open a preview of the file, or continue their conversation with Copilot Chat. ",https://www.microsoft.com/en-us/microsoft-365/roadmap?featureid=500633,
500631,"Microsoft Copilot (Microsoft 365): Preview and chat with Microsoft Word, Excel, and PowerPoint files in the Microsoft 365 Copilot app on iPhone",In development,September CY2025,"When opening a Microsoft Word, Excel, or PowerPoint file in the Microsoft 365 Copilot app on iPhone, users will get a preview experience where they can use Copilot Chat to command and ask questions about the files directly in the preview. This enables immediate access to Copilot Chat in a user's file.",https://www.microsoft.com/en-us/microsoft-365/roadmap?featureid=500631,
500159,"Microsoft Copilot (Microsoft 365): Preview and chat with Microsoft Word, Excel, and PowerPoint files in the Microsoft 365 Copilot app on iPhone",In development,September CY2025,"When opening a Microsoft Word, Excel, or PowerPoint file in the Microsoft 365 Copilot app on iPhone, users will get a preview experience where they can use Copilot Chat to command and ask questions about the files directly in the preview. This enables immediate access to Copilot Chat in a user's file.",https://www.microsoft.com/en-us/microsoft-365/roadmap?featureid=500159,
500640,Outlook: File tab in Ribbon,In development,September CY2025,"The File tab provides new Outlook users with the ability to easily discover account info, settings, PSTs, and more directly from the ribbon. #newoutlookforwindows",https://www.microsoft.com/en-us/microsoft-365/roadmap?featureid=500640,
500639,Microsoft Purview Compliance Portal: Collection policies support in IRM,In development,September CY2025,"With this update, IRM will start supporting collection policies. Collection policies allow customers to scope classification (SITs - Sensitive Information Types) and activities for scoped users. For device indicators based IRM policy, required collection policies will be automatically created in the background. Microsoft Purview Insider Risk Management correlates various signals to identify potential malicious or inadvertent insider risks, such as IP theft, data leakage, and security violations. Insider Risk Management enables customers to create policies to manage security and compliance. Built with privacy by design, users are pseudonymized by default, and role-based access controls and audit logs are in place to help ensure user-level privacy.",https://www.microsoft.com/en-us/microsoft-365/roadmap?featureid=500639,
500638,Microsoft Copilot (Microsoft 365): Copilot Chat - Session Persistence Enhancement,In development,September CY2025,"This feature ensures that conversations are preserved even when users navigate away from a session. As soon as a prompt is submitted, an entry is immediately created in the navigation pane’s session history. This allows users to leave the session and return later just as if they had never left. The update enhances continuity and reliability, making it easier to navigate without losing progress.",https://www.microsoft.com/en-us/microsoft-365/roadmap?featureid=500638,
500634,Microsoft Teams: Collaborate using Pages in Channels,In development,September CY2025,We are bringing Pages to your Teams Channel experience. Create and collaborate using Pages directly in any of your channels.,https://www.microsoft.com/en-us/microsoft-365/roadmap?featureid=500634,
499889,Microsoft Teams: Raise hands in Town Hall,In development,September CY2025,"Currently in a Teams Town hall, attendees cannot raise their hands and share their microphone and camera as they can in a meeting. With this new update, town halls organized by users with Teams Premium will allow attendees to raise their hand like they would in a standard Teams meeting. The ability to raise a hand can signal to organizers and presenters, who can then bring attendees on screen to allow them to share their camera and microphone.",https://www.microsoft.com/en-us/microsoft-365/roadmap?featureid=499889,
500377,Microsoft Copilot (Microsoft 365): Copilot Chat - Support for emails in ContextIQ,In development,September CY2025,Users can include an email in their prompt as a reference by typing '/' and selecting one from the ContextIQ menu. Copilot Chat will reference the included email as part of its response. This feature applies to users without a Microsoft 365 Copilot license (Copilot Chat users) and to users with a license (Microsoft 365 Copilot users) when they are toggled to web scope in chat.,https://www.microsoft.com/en-us/microsoft-365/roadmap?featureid=500377,
499893,Microsoft Teams: Malicious URL Protection for Teams Chat and Channels ,In development,September CY2025,"Microsoft Teams can now detect and warn users on malicious URLs sent in Teams chat and channels, increasing protection against malware attacks.",https://www.microsoft.com/en-us/microsoft-365/roadmap?featureid=499893,
499892,Microsoft Teams: Weaponizable File Type Protection for Teams Chat and Channels ,In development,September CY2025,"Microsoft Teams now blocks messages containing weaponizable file types, such as executables, in chats and channels, increasing protection against malware and other file-based attacks. ",https://www.microsoft.com/en-us/microsoft-365/roadmap?featureid=499892,
499891,"Microsoft Teams: Facilitator
agent for scheduled and ad-hoc meetings in Teams Rooms on Windows",In development,September CY2025,"Users can now use the Facilitator agent in Teams Rooms on Windows for real-time notes and action items during both scheduled hybrid and impromptu in-person meetings using AI. In hybrid meetings, the agent appears in the notes panel. For in-person meetings, a participant can scan the QR code on the display in the room to invoke the agent as the group's assistant.",https://www.microsoft.com/en-us/microsoft-365/roadmap?featureid=499891,
500375,Microsoft Copilot (Microsoft 365): Larger file upload support in Copilot Studio agent builder,In development,September CY2025,Copilot Studio agent builder in Microsoft 365 will support larger file uploads of up to 512 MB.,https://www.microsoft.com/en-us/microsoft-365/roadmap?featureid=500375,
500161,Microsoft Viva: Copilot Analytics - Unified Exclusion list,In development,September CY2025,"Unified Exclusion Lists in Copilot Analytics provide a single, streamlined way for admins to exclude users—both unlicensed and licensed—from all Viva Insights reports and Copilot Dashboard. This ensures consistent, privacy-compliant data control across the entire platform. Admins can manage exclusions easily through one list, simplifying configuration and safeguarding sensitive user data without impacting other organizational HR data.",https://www.microsoft.com/en-us/microsoft-365/roadmap?featureid=500161,
499615,Microsoft Teams: Simplified device settings for voice and face recognition on Teams Rooms”,In development,September CY2025,"It's easier for admins to enable the benefits of intelligent audio and video and Copilot for users in Teams Rooms through a new user interface, and admin settings. These new settings, on the device and in the Pro Management portal, simplify configuration and remove the requirement to use PowerShell, offering improved visibility across rooms.",https://www.microsoft.com/en-us/microsoft-365/roadmap?featureid=499615,
500376,Microsoft Copilot (Microsoft 365): Admin control for org-wide agent sharing,In development,September CY2025,Admins can manage who can create org-wide agent sharing links for agents built in Copilot Studio Agent Builder for improved governance and flexibility of agent sharing.,https://www.microsoft.com/en-us/microsoft-365/roadmap?featureid=500376,
500162,Microsoft Edge: HTTPS First Mode ,In development,September CY2025,"HTTPS-First Mode in Microsoft Edge automatically upgrades HTTP connections to HTTPS when possible.  If a site doesn’t support HTTPS, Microsoft Edge shows a warning to highlight the security risk. This appears only for public sites—not private ones or manually entered HTTP URLs. Users can enable the warning in edge://settings and admins can control availability to this feature using the HttpsOnlyMode policy.  ",https://www.microsoft.com/en-us/microsoft-365/roadmap?featureid=500162,
499620,Microsoft Teams: Customize captions on Mobile,In development,September CY2025,"Live captions are now available on mobile devices with enhanced customization options, making captions easier to read and follow during meetings. You can personalize your captions by adjusting the font color, caption background color, and caption height. These enhancements ensure captions remain accessible and comfortable, especially under varying lighting conditions or when you're on the go.",https://www.microsoft.com/en-us/microsoft-365/roadmap?featureid=499620,
496149,Microsoft Purview compliance portal: Insider Risk Management - Personal email triggers,In development,September CY2025,"In this update, we are adding the recently added email indicators in Insider Risk Management as triggers. 1.  Sending email with attachments to free public domains - Users will be brought into scope of a policy when business-sensitive data is potentially leaked from a work email account to a free public domain email, potentially leading to a data security incident.  2. Sending email with attachments to self - Users will be brought into scope of a policy when business-sensitive data is potentially leaked from a work email account to user's personal email account or emailing self, potentially leading to a data security incident. 
Admins with appropriate permissions can enable these indicators from the settings page and use these triggers in the data leaks or data leaks by priority users template.",https://www.microsoft.com/en-us/microsoft-365/roadmap?featureid=496149,
500018,"Microsoft Viva: Storyline & Post Enhancements, Cover Photos, Drafts, AMAs, and More",In development,September CY2025,"Over the course of the next few months, you’ll see a set of updates that make it easier to create, manage, and personalize posts in Viva Engage. These include Storyline cover photos and featured posts to further customize your Storyline page, the ability to draft and schedule posts in advance, support for AMAs, and the ability for a delegate to post-on-behalf-of on Storyline. Whether you're a communicator, leader, or team member, these features will help you engage your audience with greater clarity and customizations. ",https://www.microsoft.com/en-us/microsoft-365/roadmap?featureid=500018,
499899,Microsoft Viva: Copilot Dashboard - M365 Copilot Chat adoption metrics,In development,September CY2025,"Insights on M365 Copilot Chat adoption for users not licensed for M365 Copilot. Insights will include usage trends over time, adoption by group, retention, and app level breakdowns. Users can filter by organizational attributes to uncover adoption patterns. Admins can disable M365 Copilot Chat insights in Microsoft Admin Center.",https://www.microsoft.com/en-us/microsoft-365/roadmap?featureid=499899,
499896,Microsoft Viva: Live event using Teams Town hall in Viva Engage,In development,September CY2025,"Community admins can now produce or stream their broadcasts using Teams Town hall, offering higher-quality production and enhanced functionality.",https://www.microsoft.com/en-us/microsoft-365/roadmap?featureid=499896,
498159,Microsoft Teams: Chat Notes,In development,September CY2025,"A new collaborative space is now available directly from your Teams chat, enabling real-time collaboration, organization of key information, and streamlined communications. Chat notes is available in 1:1 and group chat, and is accessible only to the chat members. Add images, format text, share Loop components, and mention chat members when you require their attention.",https://www.microsoft.com/en-us/microsoft-365/roadmap?featureid=498159,
499900,Outlook: Send Button update,In development,September CY2025,"This feature reduces accidental message sends by moving the send button from the bottom of the compose view, in the compose toolbar to the header of the compose view. By moving the send button to a less crowded location, users can avoid accidental taps, resulting in a more intentional and error-free messaging experience.",https://www.microsoft.com/en-us/microsoft-365/roadmap?featureid=499900,
499616,Microsoft Teams: Enhanced privacy and stability for live captions ,In development,September CY2025,"To improve privacy, when transcription is off, captions will now show only the past five minutes of dialogue instead of the full meeting. If transcription is on, captions display the entire conversation, just like with live transcription. We’re also fixing an issue where changing the caption position could cause data loss—now, moving captions will not affect the text shown. These updates also apply to Real-time Text (RTT), ensuring a consistent and reliable experience.",https://www.microsoft.com/en-us/microsoft-365/roadmap?featureid=499616,
498914,Outlook: New Scheduling and Event Creation Experience,In development,September CY2025,"The Outlook and Teams calendars will receive an update to the scheduling and event creation experience. Additionally, new capabilities will be available in this new experience to help streamline and enhance scheduling using Copilot.",https://www.microsoft.com/en-us/microsoft-365/roadmap?featureid=498914,
497939, Microsoft Copilot (Microsoft 365): Update document sections from new sources,In development,September CY2025,Easily refresh parts of your document using content from other files—without copying and pasting. Copilot keeps your formatting intact while pulling in the latest updates from new sources.,https://www.microsoft.com/en-us/microsoft-365/roadmap?featureid=497939,
499424,Microsoft Edge: Ground Microsoft 365 Copilot Chat in Edge for Business in your open YouTube videos,In development,September CY2025,Get relevant answers and insights about your open YouTube videos in Copilot Chat in Edge. ,https://www.microsoft.com/en-us/microsoft-365/roadmap?featureid=499424,
499423,Microsoft Edge: Ground Microsoft 365 Copilot Chat in Edge for Business in your open OneDrive and SharePoint documents,In development,September CY2025,Get relevant answers and insights about your open cloud documents in Copilot Chat in Edge. ,https://www.microsoft.com/en-us/microsoft-365/roadmap?featureid=499423,
499809,Microsoft Copilot (Microsoft 365): Harmful Content Protection Controls in Microsoft 365 Copilot Chat,In development,September CY2025,"We’re introducing a new policy setting in Microsoft 365 Copilot Chat that gives administrators enhanced control over how users interact with harmful content protection. This feature is designed to support specialized roles—such as legal, investigative, or moderation teams—where exposure to sensitive content may be necessary.",https://www.microsoft.com/en-us/microsoft-365/roadmap?featureid=499809,
499428,Microsoft Copilot (Microsoft 365): Enhanced document editing support in Word,In development,September CY2025,"Copilot supports document editing in Word through chat-based interactions. Users can initiate edits, share clarifying directions, and review a summary of changes within the document.",https://www.microsoft.com/en-us/microsoft-365/roadmap?featureid=499428,
499657,"Microsoft Copilot (Microsoft 365): [Copilot Chat] Email attachment summarization (Modern Attachments, Item Attachments)",In development,September CY2025,"Users will be able to reason over additional attachment content, along with the email body, in Copilot Chat. Support will be extended to Word, Excel, PowerPoint, Pdf, Text, Json and Xml files mentioned in the email as links (Modern Attachments). Additionally, other item attachments, such as email threads, will also be supported.",https://www.microsoft.com/en-us/microsoft-365/roadmap?featureid=499657,
499654,SharePoint: Updates to News page in SharePoint sites,In development,September CY2025,"The News page renders news items in a given site. It is typically accessed via the ""see all"" experience of a news web part.  We are updating the user experience of this page and bringing in Copilot capabilities to licensed users. ",https://www.microsoft.com/en-us/microsoft-365/roadmap?featureid=499654,
499431,Microsoft Purview compliance portal: Endpoint Data Loss Prevention -- Always-on diagnostics for Windows Endpoints (Phase 2),In development,September CY2025,"Admins can retrieve diagnostic 'Always-on diagnostic' traces directly from Windows endpoints and selectively upload them to Microsoft through the Purview Portal at the time of an investigation request such as submitting a support ticket, without disrupting end users or impacting their productivity. This eliminates the need for user coordination while maintaining seamless troubleshooting capabilities",https://www.microsoft.com/en-us/microsoft-365/roadmap?featureid=499431,
499430,Microsoft Edge: Tab Groups – Auto-Save and Easy Revisit,In development,September CY2025,"Microsoft Edge now automatically saves tab groups, making it easier than ever for users to pick up where they left off. Organized tab groups are preserved and ready to revisit anytime, whether a user is switching tasks or restarting the browser.  Admins can control the availability of the feature using the “SyncTypesListDisabled” policy with the “openTabs” data type.",https://www.microsoft.com/en-us/microsoft-365/roadmap?featureid=499430,
499421,Microsoft Viva: Enhancement to Copilot studio agents report ,In development,September CY2025,"Enhancement to Copilot studio agents report (Preview) 
1.  Addition of Weekly active user count 
2.  Report aggregation changed to weekly to main consistency with other reports",https://www.microsoft.com/en-us/microsoft-365/roadmap?featureid=499421,
498913,"Microsoft Viva: Copilot Dashboard - Copilot Chat in Word, Excel, PowerPoint Metrics",In development,September CY2025,"Copilot Analytics users can now view metrics that reflect Copilot Chat (Work and Web) activity across Word, Excel, and PowerPoint. These updates reflect the latest addition of Copilot Chat to these apps to help users transition seamlessly between workflows and will be displayed alongside existing app chat metrics for continuity. The updated metrics are available in the Copilot Dashboard, the M365 Copilot Adoption and Impact PBI reports, with additional query support for all chat prompt metrics.",https://www.microsoft.com/en-us/microsoft-365/roadmap?featureid=498913,
499153,Microsoft Copilot (Microsoft 365): Enhanced Personalization via Communication Memory in Copilot ,In development,September CY2025,Copilot-licensed enterprise users will benefit from Enhanced Personalization in Microsoft 365 Copilot through a new communication memory that further improves personalization by increasing the relevance and quality of responses based on previous communications. Communications memory is private to the user and based purely on communications the user has access to.,https://www.microsoft.com/en-us/microsoft-365/roadmap?featureid=499153,
499150,Microsoft Copilot (Microsoft 365): Audio Overview customization in Copilot Notebooks,In development,September CY2025,Guide the content of an Audio Overview created for a Copilot Notebook through natural language input.,https://www.microsoft.com/en-us/microsoft-365/roadmap?featureid=499150,
499024,SharePoint: eSignature - Free Text Field Support,In development,September CY2025,"SharePoint eSignature users would be able to add custom free text fields to their request documents. This new eSignature field can be used to request information (such as address, full name, etc.) from signers. ",https://www.microsoft.com/en-us/microsoft-365/roadmap?featureid=499024,
498919,Microsoft Copilot (Microsoft 365): [Copilot Extensibility] Delete Schema Properties via Copilot Connector APIs,In development,September CY2025,"We’re adding support for property deletion in custom Copilot connectors, giving admins and developers more control over schema evolution. With this feature, you can:
* Use Copilot connector APIs to delete or drop individual schema properties that are no longer needed.
* Keep your connector schema clean and up-to-date without requiring full re-ingestion.
* Reduce developer overhead and simplify maintenance workflows as your data models evolve.",https://www.microsoft.com/en-us/microsoft-365/roadmap?featureid=498919,
498918,Microsoft Copilot (Microsoft 365): [Copilot Extensibility] Connector Metadata Enrichment for Custom Copilot Connectors,In development,September CY2025,"We’re introducing new options that allow admins and developers to enrich their custom Copilot connectors and its schema properties with descriptive metadata.
With this update, you can now: * Provide richer context about the connection and its schema properties to Copilot’s LLM, enabling more accurate and relevant responses. Add alternate names, data source categories, common actions to your connector and description for schema properties. * Improve search and chat quality by helping Copilot better understand the semantics and purpose of your data.",https://www.microsoft.com/en-us/microsoft-365/roadmap?featureid=498918,
498912,Microsoft Copilot (Microsoft 365): [Copilot Extensibility] Simplified People Resolution for Custom Copilot Connectors,In development,September CY2025,"This feature enables connectors to resolve external identities—such as email addresses or user IDs from third-party data sources—to their corresponding Microsoft Entra ID (Azure AD) identities. By allowing flexible identity mapping, developers can:
* Simplify integration workflows without needing complex Graph API lookups.
* Reduce setup friction by avoiding strict dependency on object IDs.
* Improve search and chat relevance in Copilot by ensuring accurate people attribution across connected systems.",https://www.microsoft.com/en-us/microsoft-365/roadmap?featureid=498912,
498911,Microsoft Copilot (Microsoft 365): [Copilot Extensibility] Schema Recommendations for Custom Connectors in M365 Admin Center,In development,September CY2025,"Accelerate your custom connector development with intelligent schema guidance directly in the Microsoft 365 Admin Center. This feature provides:
* Proposed schema suggestions tailored to the connector you’re building.
* Real-time recommendations to identify gaps or errors in your schema design to help improve search and chat results in Copilot.
Whether you're starting from scratch or refining an existing connector, this enhancement ensures your schema is optimized for Copilot extensibility and performance.
",https://www.microsoft.com/en-us/microsoft-365/roadmap?featureid=498911,
498910,Microsoft Copilot (Microsoft 365): [Copilot Extensibility] Full refresh of custom connectors datasource,In development,September CY2025,Admins and developers can do a full refresh or sync of their datasource for Custom Connectors using Graph APIs. This also ensures that any items deleted in the source are automatically deleted during this full sync and admins do not have to use separate delete APIs to do this. ,https://www.microsoft.com/en-us/microsoft-365/roadmap?featureid=498910,
498909,Microsoft Copilot (Microsoft 365): [Copilot Extensibility] Customize icons and display names for custom Copilot connectors,In development,September CY2025,"1. Add or Customize icons for Custom Copilot connectors using the Graph API or from the M365 Admin Center. 
2. Add or Customize display names for Custom Copilot connectors using the Graph API or from the M365 Admin Center. ",https://www.microsoft.com/en-us/microsoft-365/roadmap?featureid=498909,
498641,Microsoft Edge: Add “Summarize” and “Explain” Copilot actions in PDF reader,In development,September CY2025,Microsoft Edge will expand its existing “Ask Copilot” integration in the built-in PDF reader by introducing two new actions — “Summarize” and “Explain.” These options will allow users to generate a concise overview or simplify complex content within a PDF or selected portion. The new actions build on the existing “Ask Copilot” integration and follow the same enterprise controls and policies.,https://www.microsoft.com/en-us/microsoft-365/roadmap?featureid=498641,
499077,Planner: Information Barrier support in Planner,In development,September CY2025,"Information Barrier (IB) support in Microsoft Planner will enable organizations to restrict access to plans and tasks based on user groups.  IB will help prevent data leakage, enforce internal policies, and support regulatory mandates by limiting plan visibility and collaboration to authorized segments.",https://www.microsoft.com/en-us/microsoft-365/roadmap?featureid=499077,
498897,Outlook: Global Address List Redesign,In development,September CY2025,"The Global Address List, or Address Book, is getting a major visual redesign to make it easier to navigate, show more contact information in the search results list, improve its accessibility, and improve its appearance overall. This window is accessible via the To/Cc/Bcc buttons in the email compose form. #newoutlookforwindows",https://www.microsoft.com/en-us/microsoft-365/roadmap?featureid=498897,
497941,Microsoft Copilot (Microsoft 365): Recent activity is part of Copilot's dynamic document snapshot in Word,In development,September CY2025,"Select the Activity tab within the Copilot summary at the top of a document for a summary of recent comments and changes. Choose a time window of 3 days, 1 week, or 2 weeks.",https://www.microsoft.com/en-us/microsoft-365/roadmap?featureid=497941,
497849,Microsoft Copilot (Microsoft 365): Press and hold Win + C or Copilot key to activate voice on the Microsoft 365 Copilot app,In development,September CY2025,"Press and hold Win + C keys, or the dedicated Copilot key for applicable devices, and the Microsoft 365 Copilot app will activate voice. With voice, talk to Copilot like a personal assistant - interrupting and redirecting at any time to prepare for the workday, create documents, understand topics, and search for information. This shortcut to activate voice means you don't have to switch between screens to talk with Copilot. Enterprise-grade security and compliance are built in, so conversations stay private while productivity soars.",https://www.microsoft.com/en-us/microsoft-365/roadmap?featureid=497849,
498231,Outlook: External tag in profile cards,In development,September CY2025,"For users that are external to your organization, an ""External"" tag will be shown in the top part of their profile card. ",https://www.microsoft.com/en-us/microsoft-365/roadmap?featureid=498231,
497998,Microsoft 365 app: Microsoft Places Support to GCCH and DoD,In development,September CY2025,"""Microsoft Places is an AI-powered workplace app for flexible work. Places helps organizations reimagine flexible work with AI, enables employees to connect more easily in person so that they can make the most of in-office days.",https://www.microsoft.com/en-us/microsoft-365/roadmap?featureid=497998,
498493,Microsoft Viva: View and moderate private community content without being a member,In development,September CY2025,"This feature enables verified admins and Engage admins to access and moderate private community conversations without needing to be members of those communities. Admins will also be able to manage community settings, ensuring better governance and oversight across Viva Engage.",https://www.microsoft.com/en-us/microsoft-365/roadmap?featureid=498493,
498226,Microsoft Teams: Deploy Teams frontline worker pilot in Teams Admin Center,In development,September CY2025,Deploy a frontline worker (FLW) pilot in Teams Admin Center,https://www.microsoft.com/en-us/microsoft-365/roadmap?featureid=498226,
498230,Microsoft Purview compliance portal: [Data Loss Prevention] - [Admin units support for SharePoint Online],In development,September CY2025,"Delegate management and remediation authority for different people in different regions or organization units with role-based access control (RBAC). For example, German investigators should be able to investigate alerts and audit events for only German users. This update extends support to SharePoint for Microsoft 365.

",https://www.microsoft.com/en-us/microsoft-365/roadmap?featureid=498230,
498160,Microsoft Purview compliance portal: eDiscovery - Microsoft Purview eDiscovery - Guest access for export downloads,In development,September CY2025,"This feature allows external guest users to securely access and download export packages from Purview eDiscovery cases, with administrators able to set restrictions such as allowed IP addresses and token expiration to support secure external collaboration. ",https://www.microsoft.com/en-us/microsoft-365/roadmap?featureid=498160,
497915,Microsoft Copilot (Microsoft 365): Scope prompts to specific Channels in Teams in Copilot Chat,In development,September CY2025,Users will be able to scope their prompts to specific Channels in Teams to get more focused responses when using Copilot Chat.,https://www.microsoft.com/en-us/microsoft-365/roadmap?featureid=497915,
497944,Microsoft Purview Compliance Portal: Service health dashboard,In development,September CY2025,"As a Microsoft Purview user, you'll be able to view outages, service issues, and advisories that might impact your services. This new dashboard will combine the services and solutions health of Purview, Microsoft 365 services, and Azure Cloud Services in one central place in the Purview portal, eliminating the need to go to several places to find this information. ",https://www.microsoft.com/en-us/microsoft-365/roadmap?featureid=497944,
497912,Microsoft Purview compliance portal: Optical character recognition (OCR) - Support for embedded images in files including Office files in SharePoint and OneDrive ,In development,September CY2025,"Optical character recognition (OCR) scanning enables Microsoft Purview to scan images for sensitive information. With Embedded support, OCR will scan content in DOCX, PPTX, XLSX and PDFs (scanned and hybrid containing searchable text and images). This will be in addition to support for standalone images",https://www.microsoft.com/en-us/microsoft-365/roadmap?featureid=497912,
497999,Microsoft 365 admin center: Agents usage report,In development,September CY2025,"A new agents usage report will be available in the Microsoft 365 admin center. The report will be scoped to include agents in M365 Copilot and Copilot Chat with usage by both M365 Copilot licensed and unlicensed users. The report will include total active agent users, total active agents, active users segmentation by licensed and unlicensed users, and active users and active agents segmentation by publisher type (i.e. user-created agents, agents built by your org, agents built by Microsoft, agents built by Microsoft partners). The report will also include usage details per user, agent, and user-agent pair.",https://www.microsoft.com/en-us/microsoft-365/roadmap?featureid=497999,
497909,Microsoft CoPilot (Microsoft 365): List email attachments in M365 Copilot,In development,September CY2025,Users will be able to list the file attachments that they received or sent over email in M365 Copilot.,https://www.microsoft.com/en-us/microsoft-365/roadmap?featureid=497909,
497834,Outlook: Quick steps in the pop-out ribbon,In development,September CY2025,Quick Steps are now integrated into the ribbon of email pop-out ribbon in the new Outlook for Windows and Web. Users can access and execute their configured Quick Steps directly while reading emails in separate windows. #newoutlookforwindows,https://www.microsoft.com/en-us/microsoft-365/roadmap?featureid=497834,
497671,Outlook: Copilot Proactive Drafts,In development,September CY2025,Copilot will detect emails that are most likely to need a response and pre-generate three options for you review and select from. Save time and energy responding to high priority emails with proactive drafts. ,https://www.microsoft.com/en-us/microsoft-365/roadmap?featureid=497671,
429645,Microsoft Copilot (Microsoft 365): Teams Channels in Context IQ,In development,September CY2025,Users will be able to search for and select Teams Channels in the Context IQ menu to help ground their prompts when using Copilot Chat.,https://www.microsoft.com/en-us/microsoft-365/roadmap?featureid=429645,
497297,Microsoft Copilot (Microsoft 365): Document snapshot in Word personalizes output,In development,September CY2025,The document snapshot helps the user focus faster by surfacing the most important information for them based on their personal context.,https://www.microsoft.com/en-us/microsoft-365/roadmap?featureid=497297,
496148,Microsoft Teams: Preview of multiple camera view in Teams Rooms on Windows,In development,September CY2025,"When multiple camera views are enabled in Teams Rooms on Windows, the preview video on the front-of-room display and the camera settings dialog will show multiple camera views. This feature allows in-room users to be aware of all camera streams that are simultaneously streaming to remote users. This feature is available with the Teams Rooms Pro license.",https://www.microsoft.com/en-us/microsoft-365/roadmap?featureid=496148,
496139,Microsoft 365 Admin Center: Prepurchase Capacity Packs for Microsoft 365 Copilot Chat,In development,September CY2025,This feature integrates pre-purchased capacity packs into Microsoft 365 admin center for M365 Copilot Chat. Administrators can apply pre-purchased message capacity to Microsoft 365 Copilot Chat before incurring pay-as-you-go charges.,https://www.microsoft.com/en-us/microsoft-365/roadmap?featureid=496139,
497139,Microsoft Teams: Theme accent colors,In development,September CY2025,Make Teams feel more like your own with new customization options. Customize Teams colors by choosing your favorite theme accent color—just like you can in Outlook.,https://www.microsoft.com/en-us/microsoft-365/roadmap?featureid=497139,
497131,Microsoft Viva: Introducing Viva Engage Role Management APIs on Microsoft Graph,In development,September CY2025,"We’re excited to announce that Viva Engage Role Management APIs in Microsoft Graph are releasing soon. These new APIs enable IT admins to programmatically manage Viva Engage-specific roles, including Corporate Communicator, Network Administrator and Verified Administrator. With these APIs, one can automate role assignments, retrieve role data, and streamline admin workflows across organization. Previously, roles such as Global Administrator, Yammer Administrator, and Knowledge Manager were already supported via Microsoft Graph through Entra. This update expands that capability to include all Viva Engage roles—bringing greater flexibility and control to your admin experience. The APIs are now available in beta version for allowing users to test and share their feedback as we prepare for the general availability.",https://www.microsoft.com/en-us/microsoft-365/roadmap?featureid=497131,
497135," Microsoft Edge: Summarization, Translation, and Citation will soon be supported by Microsoft Copilot and Microsoft 365 Copilot Chat in our menus",In development,September CY2025,"Menus in Edge where the user has highlighted content in the browser will soon support a summarization, translation, and citation with Microsoft Copilot and Microsoft 365 Copilot Chat. ",https://www.microsoft.com/en-us/microsoft-365/roadmap?featureid=497135,
495465,Microsoft Places: Microsoft Places Support to GCC cloud,In development,September CY2025,Microsoft Places features will now be available in GCC cloud,https://www.microsoft.com/en-us/microsoft-365/roadmap?featureid=495465,
497111,Microsoft Copilot (Microsoft 365): Copilot Dashboard: Team Views,In development,September CY2025,"Scoped access enables managers to view Copilot insights specific to their own organizations both on the Copilot Dashboard and in additional Copilot reports on the Reports page. This allows leaders at different levels to monitor adoption and impact within their teams, while respecting organizational boundaries and privacy. Admins can configure access criteria and set minimum thresholds.",https://www.microsoft.com/en-us/microsoft-365/roadmap?featureid=497111,
496150,Microsoft Teams: Noise Suppression for Dial-In Participants in Teams Audio Conferences,In development,September CY2025,"Microsoft Teams will soon support noise suppression for dial-in participants. This feature automatically filters out background noise (e.g., traffic, typing) for users who join meetings via phone (PSTN). It enhances clarity and reduces distractions for all meeting participants. The feature will be rolled out gradually. However, if you'd like to enable it yourself, you will be able to do so via the Teams Admin Center:
1. Go to Meeting policy 2. Navigate to the Audio & video section 3. Set Noise suppression for dial-in participants to Enabled or programmatically with MicrosoftTeamsPowerShell by setting NoiseSuppressionForDialInParticipants setting inside of CsTeamsMeetingPolicy to ""Enabled"".",https://www.microsoft.com/en-us/microsoft-365/roadmap?featureid=496150,
496368,Microsoft Teams: Simultaneous role-specific Teams Town hall and Webinar views in Teams Rooms,In development,September CY2025,"With a Teams Room on Windows system, both attendees and presenters for Teams Town halls and Webinars can now simultaneously enjoy unique experiences in the same room. This new feature sets the in-room viewing experience on the front of room display to attendee view by default so presenter-specific features, such as the green room and backroom chat, or off-stage presenters are hidden. Presenters in the room can still see their view on the console and manage everything smoothly without distracting the audience. Available in Teams Rooms Pro.",https://www.microsoft.com/en-us/microsoft-365/roadmap?featureid=496368,
496596,Microsoft Copilot (Microsoft 365): Content Sources in Copilot Chat,In development,September CY2025,Users will able to select content sources on Copilot Chat. When users select content sources the responses generated will be limited to content from the selected sources.,https://www.microsoft.com/en-us/microsoft-365/roadmap?featureid=496596,
496364,Microsoft Edge: Microsoft 365 Copilot Chat access to page content will soon extend to work across multiple open tabs,In development,September CY2025,Microsoft 365 Copilot Chat in Edge will soon be able to answer contextual questions about a user's open window. This extends the existing capability which can only access the open page. All existing user settings and policies and DLP considerations will continue to be respected. ,https://www.microsoft.com/en-us/microsoft-365/roadmap?featureid=496364,
496144,Outlook: Folder Deletion Warning for Rules,In development,September CY2025,Outlook will show warning when you try to delete a folder that's used in a rule. This helps prevent accidental rule breakage and ensures your email flow remains uninterrupted. You'll be prompted to review or update affected rules before the folder is removed. #newoutlookforwindows,https://www.microsoft.com/en-us/microsoft-365/roadmap?featureid=496144,
496142,Outlook: Rule to display desktop alert,In development,September CY2025,"Create rules that trigger a desktop alert when specific emails arrive. This makes it easier to stay on top of important messages without missing a beat. Look for the new ""Display a Desktop Alert"" action when setting up or editing your rules. #newoutlookforwindows",https://www.microsoft.com/en-us/microsoft-365/roadmap?featureid=496142,
495000,Microsoft Purview compliance portal: Purview Information Protection - Support for Cross Cloud Protected Files,In development,September CY2025,"This feature will enable customers working across cloud boundaries - worldwide cloud to GCC High or Microsoft 365 operated by 21-Vianet, to share files protected with Purview Information Protection sensitivity labels. Recipients in the other cloud will be able to view, edit, print, and more based on rights assigned by the document owner. ",https://www.microsoft.com/en-us/microsoft-365/roadmap?featureid=495000,
494809,Microsoft Copilot (Microsoft 365): Frontier and Microsoft agent user request approval flow in Microsoft 365 admin center,In development,September CY2025,"For Admins, agents in the Frontier program can be managed through the Microsoft 365 Admin Center. They are listed under the agents & connectors tab in Copilot Control System, where you can view all agent inventory for your organization. Agents built by Microsoft and available in the Frontier program will be displayed in the Agent Store. This feature will support users to request these agents if blocked by organizational policies. Admins will have the opportunity to further approve and reject these user request.",https://www.microsoft.com/en-us/microsoft-365/roadmap?featureid=494809,
495833,Microsoft Edge: A Refreshed Profile Flyout Experience for Better Clarity and Actionability,In development,September CY2025,"We’re updating the Microsoft Edge profile flyout to deliver a cleaner, more intuitive experience. The refreshed design makes it easier to distinguish between work and personal profiles, manage credentials, and quickly access key settings—all within a polished interface that supports modern browsing needs. With streamlined sign-in, clearer profile types, and organization branding preserved, this update enables a more efficient and trustworthy experience for customers.",https://www.microsoft.com/en-us/microsoft-365/roadmap?featureid=495833,
495830,Microsoft Teams: Unified building and endpoint metadata for reporting,In development,September CY2025,"Teams Administrators can now use a single, unified process to upload and maintain the building and endpoint metadata that enriches calling and meeting reports. This new process replaces Reporting Labels and ensures that the building and endpoint information you upload is used in both Tenant Admin Center and Call Quality Dashboard.",https://www.microsoft.com/en-us/microsoft-365/roadmap?featureid=495830,
494148,Microsoft Teams: Browser support on Teams Rooms on Windows touch boards,In development,September CY2025,"Teams Rooms on Windows-based touch boards, including the Surface Hub 3, now feature a private browsing mode with Microsoft Edge. This functionality allows users to access websites and line-of-business web applications on touch boards both during meetings and outside of them. IT administrators can manage browsing policies to ensure a secure and safe browsing experience.",https://www.microsoft.com/en-us/microsoft-365/roadmap?featureid=494148,
495467,Outlook: Insert Graphic,In development,September CY2025,"When composing a message in the new Outlook for Windows and Outlook on the web, there will be a new Graphics button under the Insert ribbon tab. This opens a panel that will allow users to search and pick from a large selection of emoji, stock photos, and stickers, which are inserted into the message when selected. #newoutlookforwindows",https://www.microsoft.com/en-us/microsoft-365/roadmap?featureid=495467,
495464,Microsoft Viva: Copilot Dashboard - Benchmarks,In development,September CY2025,"Compare Copilot active usage with benchmarks in Copilot Dashboard. External benchmarks will provide a reference for how usage compares to other companies. Internal benchmarks will enable users to compare similar groups, within your company.",https://www.microsoft.com/en-us/microsoft-365/roadmap?featureid=495464,
495463,Microsoft Viva: Copilot Dashboard - Enhanced scope drilldown,In development,September CY2025,"Leaders and managers can drilldown and explore data in Copilot Dashboard by indirect groups, unlocking a new layer of visibility into Copilot adoption and impact.",https://www.microsoft.com/en-us/microsoft-365/roadmap?featureid=495463,
493319,Microsoft Teams: BYOD space peripheral health signals and reports in the Pro Management portal,In development,September CY2025,"Admins can proactively manage peripherals in bring your own device (BYOD) rooms and desks with reports in the Pro Management portal that now flag if devices are faulty, undetectable by a PC, missing, or moved. Reports in the Pro Management portal require a Teams Shared Devices license for the room, and reports for desks are in public preview.",https://www.microsoft.com/en-us/microsoft-365/roadmap?featureid=493319,
494687,Microsoft Viva: Copilot Dashboard - Updated meeting metrics for Intelligent Recap,In development,September CY2025,"Copilot Dashboard users can now view metrics that reflect both summarized and recapped meeting activity, offering a more complete view of Copilot’s impact in Teams. These updates replace previous Copilot Assisted Hour calculations and meeting metrics with unified “summarized or recapped” metrics, helping leaders better understand usage across their organization. The updated metrics are available in both the Copilot Dashboard and the M365 Copilot Impact report in Advanced Insights, with additional query support for Intelligent Recap meeting metrics.",https://www.microsoft.com/en-us/microsoft-365/roadmap?featureid=494687,
493754,Microsoft Purview compliance portal: Insider Risk Management - Experience enhancements to IRM alert investigation workflow,In development,September CY2025,"Experience enhancements to IRM alert investigation workflow including updates to the alert's ""All risk factors"" page and activity explorer. These enhancements will give customers the ability to maximize the visual space for their investigation. We are adding to each component a minimize/ maximize button and hiding the horizontal banner on the Alerts pages by default. We are also enhancing the All Risk Factors page for better UX.
",https://www.microsoft.com/en-us/microsoft-365/roadmap?featureid=493754,
493948,Viva Engage - Export event posts,In development,September CY2025,"Organizers & co-organizers can now download all event questions (within the past 28 days) —including status, source, timestamps, upvotes and reactions—in a .csv file for easy filtering, analysis, and sharing. The option to export questions is available by default, if there is at least one question posted, on the event page. ",https://www.microsoft.com/en-us/microsoft-365/roadmap?featureid=493948,
493323,Microsoft Teams: DoD support in Teams Rooms Pro Management ,In development,September CY2025,"Department of Defense (DoD) customer tenants now have access to the Teams Rooms Pro Management service and portal, enabling them to use the remote device management and analytics features of the solution while meeting high security and privacy standards.",https://www.microsoft.com/en-us/microsoft-365/roadmap?featureid=493323,
491633,"Microsoft Teams: Customize the screen in Teams Town hall through ""Manage what attendees see"" ",In development,September CY2025,"Organizers will be able to effortlessly enhance their Teams Town hall presentations. In “Manage what attendees see” users will be able to customize their screen using select layouts, backgrounds, and name tags, resulting in a polished, high-quality, and engaging event. This feature is available with a Teams Premium License.",https://www.microsoft.com/en-us/microsoft-365/roadmap?featureid=491633,
490561,Microsoft Teams: Enhanced Meeting Protection - Prevent Screen Capture,In development,September CY2025,"To address the issue of unauthorized screen captures during meetings, the Prevent Screen Capture feature ensures that if a user attempts to take a screen capture, the meeting window will turn black, thereby protecting sensitive information. This feature will be available on Teams desktop applications (both Windows and Mac) and Teams mobile applications (both iOS and Android). For users joining from unsupported platforms, they will be placed in audio-only mode to maintain the integrity of the meeting's content.",https://www.microsoft.com/en-us/microsoft-365/roadmap?featureid=490561,
491918,Microsoft Purview Compliance Portal: Information Protection - Sensitivity Label support in Engage,In development,September CY2025,Your organization can now manually apply Information Protection sensitivity labels in Engage. Sensitivity label support in this new application will allow admins to create labels and configure label publishing policies to determine which users and groups can manually label content in Engage. End users will be able to manually apply labels to Engage communities and in turn classify and protect their sensitive data via privacy and external user access controls.,https://www.microsoft.com/en-us/microsoft-365/roadmap?featureid=491918,
489229,Microsoft Viva: Viva Glint and Viva Insights Integration - Workplace Patterns Report in Viva Glint,In development,September CY2025,"An intuitive report that highlights the relationships between employee sentiment items and the workplace patterns and drivers that shape engagement. This feature eliminates the need for custom analysis, enabling users to share out of the box actionable insights with leaders—accelerating decision-making to drive meaningful actions across the organization",https://www.microsoft.com/en-us/microsoft-365/roadmap?featureid=489229,
491028,Microsoft Intune: Customization of app installs with Enterprise Application Management,In development,September CY2025,Script installer offers you a way to have more control and customization around Win32 (including in EAM catalog) app installations. You now have the option to use a PowerShell script in place of command line configurations to install your app.,https://www.microsoft.com/en-us/microsoft-365/roadmap?featureid=491028,
491027,Microsoft Intune: Intune Suite - Operational dashboard to gain insight on EPM status and elevations.,In development,September CY2025,The dashboard focuses EPM insights on rollout status as well as elevations in the environment and suggestions for new rules to create.,https://www.microsoft.com/en-us/microsoft-365/roadmap?featureid=491027,
490055,Microsoft Teams: Silent test call,In development,September CY2025,"Silent Test enables IT administrators to proactively run synthetic Teams call simulations to specific subnets, helping assess network readiness and detect potential issues before they impact users, ensuring a seamless communication experience.",https://www.microsoft.com/en-us/microsoft-365/roadmap?featureid=490055,
490738,Microsoft 365 Admin Center: Usage reports - Message consumption for Pay-as-you-go experiences in Copilot Chat.,In development,September CY2025,"A new report to help IT admins manage costs for billed messages that are Pay-as-you-go enabled for Copilot Chat. Reporting includes drill down of billed messages per user, per billing policy, per agent-level and agent-user level pair.
",https://www.microsoft.com/en-us/microsoft-365/roadmap?featureid=490738,
490051,Microsoft Teams: Copilot in Teams can generate an audio overview of your meetings,In development,September CY2025,"Copilot can generate an audio overview of your transcribed meetings, transforming one or multiple meetings into an engaging listening experience. Users can choose how they want to listen: select one or two speakers, adjust the tone from concise to playful, and tailor the length. This capability is only available in English currently. ",https://www.microsoft.com/en-us/microsoft-365/roadmap?featureid=490051,
489492,Microsoft Purview compliance portal: Microsoft Purview Data Security Posture Management for AI Apps and agents,In development,September CY2025,Apps and agents in Microsoft Purview Data Security Posture Management for AI apps enables administrators to view a dashboard of agents used across the organization and identify and manage any potential data security risks. Administrators can access detailed insights into sensitive data that specific agents have accessed and see how these agents are protected by Purview data security policies. The detailed agent view also indicates what policies are applied to the agent and provides the option for administrators to create a policy directly from this view to address any coverage gaps.,https://www.microsoft.com/en-us/microsoft-365/roadmap?featureid=489492,
485733,Microsoft Purview compliance portal: Site default labeling for SharePoint Online and Copilot,In development,September CY2025,"This new capability further integrates SharePoint Online with Purview sensitivity labeling. SharePoint Online document library owners can set a new type of default label on the library, which automatically applies that label to all unprotected Word, Excel, PowerPoint, and PDF files within the library. This simplifies labeling in bulk across document libraries in an organization, enriches DLP and Copilot with signal to allow admins to monitor and restrict access to this content, and enables inheritance of sensitivity labels to output artifacts in Copilot.",https://www.microsoft.com/en-us/microsoft-365/roadmap?featureid=485733,
490213,Outlook: Account Switcher for Copilot Tab,In development,September CY2025,You can now switch between accounts on the Copilot tab. Simply swipe left to open the the left-navigation and select from the list of supported accounts.,https://www.microsoft.com/en-us/microsoft-365/roadmap?featureid=490213,
487848,Microsoft Copilot (Microsoft 365): Copilot can now answer questions about opened Copilot Pages in chat,In development,September CY2025,"When using Copilot Pages side-by-side in Copilot Chat, you can now ask questions in chat about your open page, and Copilot will provide answers based on the contents of that page.",https://www.microsoft.com/en-us/microsoft-365/roadmap?featureid=487848,
488297,SharePoint: Copilot actions in SharePoint document libraries,In development,September CY2025,"When you select an item in OneDrive on the Web, the Copilot button appears, offering a range of actions you can perform on that item. The same feature and actions are coming to document library views in SharePoint and Teams.",https://www.microsoft.com/en-us/microsoft-365/roadmap?featureid=488297,
490056,Microsoft Teams: New Voice Applications Settings for Authorized Users in GCC High and DoD (Premium),In development,September CY2025,"Voice applications policies allow you to create and assign voice application policies to authorized users. Voice application policies control what configuration changes an authorized user can make to the auto attendants and call queues they're authorized for. Authorized users, with permissions from Teams admins, can configure their call queues and auto attendants using Teams settings and opt in or out their team members to optimize for business needs. This is a Teams Premium feature.",https://www.microsoft.com/en-us/microsoft-365/roadmap?featureid=490056,
489811,Microsoft Viva: Viva Glint - Export Team Summary report in Viva Glint to editable PowerPoint slides,In development,September CY2025,"Managers will be able to export default sections from the Team Summary report in Viva Glint directly to editable PowerPoint slides. This enhancement allows for easier and quicker consumption of this report outside Viva Glint, compared to the previous export method which included static screenshots.",https://www.microsoft.com/en-us/microsoft-365/roadmap?featureid=489811,
482601,Microsoft Copilot (Microsoft 365): Access SharePoint agents in the Microsoft 365 Copilot app,In development,September CY2025,"Use SharePoint agents seamlessly without navigating to the SharePoint site. With this new feature, you can quickly return to your most recently used SharePoint agents directly in the Microsoft 365 Copilot app.",https://www.microsoft.com/en-us/microsoft-365/roadmap?featureid=482601,
489808,Microsoft Teams: Polls support in Teams Town hall [Premium],In development,September CY2025,"Organizers can now create and share polls directly within Teams Town halls, gathering real-time feedback from participants through multiple-choice questions and other types of polls. This feature is available for town hall organizers that have an active Teams Premium license.",https://www.microsoft.com/en-us/microsoft-365/roadmap?featureid=489808,
489232,Microsoft Edge: Adding support for viewing Sensitivity labels applied to a Microsoft Information Protection (MIP) Protected PDF ,In development,September CY2025,Enterprise customers can view sensitivity labels applied to MIP protected PDF to be well informed of the data classification to enable them to handle such sensitive documents. This change will be available in the new PDF viewer on Microsoft Edge.,https://www.microsoft.com/en-us/microsoft-365/roadmap?featureid=489232,
488298,Microsoft Teams: Intelligent meeting recap available in multi-tenant set ups,In development,September CY2025,Copilot users in business-to-business multi-tenant organization set ups can now view the intelligent meeting recap after the meeting from the resource tenant where the meeting was hosted.,https://www.microsoft.com/en-us/microsoft-365/roadmap?featureid=488298,
489227,Access: Add zoom slider magnification to Microsoft Access,In development,September CY2025,"Access will add magnification slider (10% to 500%) in lower right of the application, similar to the feature in Word, PowerPoint, and Excel. It will also be keyboard accessible and available on the ribbon.",https://www.microsoft.com/en-us/microsoft-365/roadmap?featureid=489227,
488502,SharePoint: Advanced Page Analytics,In development,September CY2025,"SharePoint page analytics will add enhanced reporting capabilities including long-term data, distribution channel filtering, and reactions and promotions, data exports.",https://www.microsoft.com/en-us/microsoft-365/roadmap?featureid=488502,
488808,Microsoft Purview compliance portal: OneDrive support for Data Risk Assessments,In development,September CY2025,"Within Microsoft Purview Data Security Posture Management for AI, OneDrive will be added as a supported location in data risk assessments.",https://www.microsoft.com/en-us/microsoft-365/roadmap?featureid=488808,
488800,Microsoft Teams: Automatically update your work location via your organization's Wi-Fi,In development,September CY2025,"When users connect to their organization's Wi-Fi, Teams will automatically set their work location to reflect the building they are working in. ",https://www.microsoft.com/en-us/microsoft-365/roadmap?featureid=488800,
488797,Microsoft Copilot (Microsoft 365): Shared mailbox access for emails in Copilot Chat,In development,September CY2025,Users with shared mailbox access will be able to ground Copilot Chat conversations in shared mailboxes.,https://www.microsoft.com/en-us/microsoft-365/roadmap?featureid=488797,
480736,Microsoft Copilot (Microsoft 365): People connectors for Microsoft 365 Copilot,In development,September CY2025,"People connectors for Microsoft 365 Copilot, based on top of Graph connectors, will integrate and enrich people data from various sources into Microsoft 365. This enriched data will enhance experiences in Microsoft 365 Copilot Chat, the profile card, and people search.",https://www.microsoft.com/en-us/microsoft-365/roadmap?featureid=480736,
487836,Microsoft Copilot (Microsoft 365): Employee Self-Service Agent in M365 Copilot,In development,September CY2025,"The Employee Self-Service Agent in M365 Copilot expedites answers for the most common workplace policy-related questions and takes action on key HR and IT related tasks, connecting employees to authorized knowledge bases and HR/IT systems of record for faster resolution time and a streamlined employee experience.",https://www.microsoft.com/en-us/microsoft-365/roadmap?featureid=487836,
478926,Access: Modernize Access Forms and Reports to work well on Large Format Monitors,In development,September CY2025,Remove the 22-inch size limit and modernize Access forms and reports work well on large format monitors and provide responsive behavior for different form factors.,https://www.microsoft.com/en-us/microsoft-365/roadmap?featureid=478926,
487857,Microsoft 365 admin center: Manage SharePoint agents via Integrated apps,In development,September CY2025,Admins can manage SharePoint agents as shared apps in the Integrated apps section of the Microsoft 365 admin center. They will be able to block/unblock agents directly in the Shared agents tab.,https://www.microsoft.com/en-us/microsoft-365/roadmap?featureid=487857,
487847,Microsoft 365 Admin Center: Control Settings for agents with actions in Teams Toolkit,In development,September CY2025,"To give admins control over whether agent makers can publish advanced agents (agents with actions) for their tenants, we are introducing a new control in the M365 admin center. This control specifically applies to advanced agents created from Teams Toolkit.",https://www.microsoft.com/en-us/microsoft-365/roadmap?featureid=487847,
486839,Outlook: Import calendars and contacts from PST file to mailbox in new Outlook for Windows,In development,September CY2025,"With this update of support for .pst files (a.k.a. Outlook Data File) in the new Outlook for Windows, users will be able to import calendars and contacts from .pst file to mailbox. Future releases of new Outlook will expand the support for .pst file capabilities. #newoutlookforwindows #pstfilesupport.",https://www.microsoft.com/en-us/microsoft-365/roadmap?featureid=486839,
486535,Microsoft Teams: Ultra-low latency (ULL) attendee experience for Teams Town hall ,In development,September CY2025,"With Ultra-low latency, attendees will now be able to view and participate in a town hall instance at a much lower latency than before, ensuring they are in sync with content being shared by presenters and organizers. This update significantly improves the attendee experience compared to the typical 20-30 second delay experienced in the past. This feature is available for town hall organizers with a Teams Premium license. ",https://www.microsoft.com/en-us/microsoft-365/roadmap?featureid=486535,
486368,Microsoft Purview compliance portal:  New Inline Protection controls for AI apps in Edge for Business  ,In development,September CY2025,"With the new inline protection capability for Edge for Business, you can prevent data leakage across the various ways that users interact with sensitive data in the browser, including typing of text directly into a web application or generative AI prompt. Starting with some of the top consumer GenAI apps (ChatGPT, Google Gemini, and DeepSeek), admins will be able to block typed prompts containing sensitive data.  The inline protection capability complements existing endpoint DLP controls for uploading or pasting sensitive content in the browser. ",https://www.microsoft.com/en-us/microsoft-365/roadmap?featureid=486368,
485712,Microsoft Teams: Rules-Based Enablement of Third-Party Teams Apps in Teams Admin Center,In development,September CY2025,"This feature allows M365 administrators to define specific criteria for approving third-party Teams applications within their tenant. Administrators can select from a list of predefined, safe criteria, ensuring that only trusted and compliant applications are made available under this rule.",https://www.microsoft.com/en-us/microsoft-365/roadmap?featureid=485712,
485756,Outlook: Read-only access to contacts within a PST file in new Outlook for Windows,In development,September CY2025,"With this update of support for .pst files (a.k.a. Outlook Data File) in the new Outlook for Windows, users will be able to browse and read contacts within a .pst file. Future releases of new Outlook will expand the support for .pst file capabilities. #newoutlookforwindows #pstfilesupport.",https://www.microsoft.com/en-us/microsoft-365/roadmap?featureid=485756,
485749,Outlook: Forward as attachment emails in a PST file in new Outlook for Windows,In development,September CY2025,"With this update of support for .pst files (a.k.a. Outlook Data File) in the new Outlook for Windows, users will be able to forward as an attachment emails in a .pst file. Future releases of new Outlook will expand the support for .pst file capabilities. #newoutlookforwindows #pstfilesupport.",https://www.microsoft.com/en-us/microsoft-365/roadmap?featureid=485749,
485746,Outlook: Read-only access to calendars within a PST file in new Outlook for Windows,In development,September CY2025,"With this update of support for .pst files (a.k.a. Outlook Data File) in the new Outlook for Windows, users will be able to browse and read calendars and events within a .pst file. Future releases of new Outlook will expand the support for .pst file capabilities. #newoutlookforwindows #pstfilesupport.",https://www.microsoft.com/en-us/microsoft-365/roadmap?featureid=485746,
485744,Outlook: Auto-Export mailbox to PST file in new Outlook for Windows,In development,September CY2025,"With this update of support for .pst files (a.k.a. Outlook Data File) in the new Outlook for Windows, users will be able to schedule an export of an entire mailbox (emails, calendars, and contacts)  or a specific mailbox folder to a .pst file. Future releases of new Outlook will expand the support for .pst file capabilities. #newoutlookforwindows #pstfilesupport.",https://www.microsoft.com/en-us/microsoft-365/roadmap?featureid=485744,
485739,Outlook: Import emails from PST file to mailbox in new Outlook for Windows,In development,September CY2025,"With this update of support for .pst files (a.k.a. Outlook Data File) in the new Outlook for Windows, users will be able to import emails from .pst file to mailbox. Future releases of new Outlook will expand the support for .pst file capabilities. #newoutlookforwindows #pstfilesupport.",https://www.microsoft.com/en-us/microsoft-365/roadmap?featureid=485739,
482191,Microsoft Teams: Room recommender,In development,September CY2025,"If no room is booked for a meeting, this AI feature recommends rooms in the meeting chat an hour before start when two or more attendees are in the same building, making in-person collaboration easier. It considers location of participants, room availability, and capacity to find the best meeting space. You can reserve the suggested room with one click and update the invite for everyone. A Teams Premium license is required for the meeting organizer to enable this feature, which is available in Teams Mobile on iOS. #MicrosoftPlaces",https://www.microsoft.com/en-us/microsoft-365/roadmap?featureid=482191,
484084,Microsoft Purview compliance portal: Discovery of sensitive data sharing to any cloud application or website (inc. GenAI) via network layer,In development,September CY2025,"With this update, IRM will support the discovery of sensitive files and text shared to any cloud application or website (inc. GenAI) via network layer. This capability is based on integration with 3rd party network partners (with data being captured via network layer).

Microsoft Purview Insider Risk Management correlates various signals to identify potential malicious or inadvertent insider risks, such as IP theft, data leakage, and security violations. Insider Risk Management enables customers to create policies based on their own internal policies, governance, and organizational requirements. Built with privacy by design, users are pseudonymized by default, and role-based access controls and audit logs are in place to help ensure user-level privacy.  ",https://www.microsoft.com/en-us/microsoft-365/roadmap?featureid=484084,
484083,Microsoft Purview compliance portal: Generative AI apps activities as triggers in IRM,In development,September CY2025,"With this update, the generative AI apps indicators will be supported as triggers in Risky AI usage policy. With triggers, customers can define the conditions for bringing the user into the scope of a policy while the generative AI apps indicators are used to determine risk score.

Microsoft Purview Insider Risk Management correlates various signals to identify potential malicious or inadvertent insider risks, such as IP theft, data leakage, and security violations. Insider Risk Management enables customers to create policies based on their own internal policies, governance, and organizational requirements. Built with privacy by design, users are pseudonymized by default, and role-based access controls and audit logs are in place to help ensure user-level privacy.  ",https://www.microsoft.com/en-us/microsoft-365/roadmap?featureid=484083,
484082,Microsoft Purview compliance portal: Collection policies impact on IRM,In development,September CY2025,"With this update, Microsoft Purview will start supporting collection policies. Collection policies allow customers to scope classification (SITs - Sensitive Information Types) and activities for scoped users. We recommend reviewing collection policies as they can be created by different Purview solution admins to ensure they are setup to detect the activities required by IRM policies

Microsoft Purview Insider Risk Management correlates various signals to identify potential malicious or inadvertent insider risks, such as IP theft, data leakage, and security violations. Insider Risk Management enables customers to create policies to manage security and compliance. Built with privacy by design, users are pseudonymized by default, and role-based access controls and audit logs are in place to help ensure user-level privacy.  ",https://www.microsoft.com/en-us/microsoft-365/roadmap?featureid=484082,
484085,Microsoft Purview compliance portal: Priority content support for Risky AI usage,In development,September CY2025,"With this update, Risky AI usage policy template will support priority content. Customers can define Sensitive Info Types (SITs), Trainable Classifiers, Sensitivity Labels as priority content, and get alerted only when the activity matches the selected priority content.

Microsoft Purview Insider Risk Management correlates various signals to identify potential malicious or inadvertent insider risks, such as IP theft, data leakage, and security violations. Insider Risk Management enables customers to create policies based on their own internal policies, governance, and organizational requirements. Built with privacy by design, users are pseudonymized by default, and role-based access controls and audit logs are in place to help ensure user-level privacy.  ",https://www.microsoft.com/en-us/microsoft-365/roadmap?featureid=484085,
483355,Microsoft Teams: Share apps from app bar via right click,In development,September CY2025,"Allow users to right-click and share apps directly from the app icon on hover, while using the app.",https://www.microsoft.com/en-us/microsoft-365/roadmap?featureid=483355,
481835,Microsoft 365 admin center: Usage reports - Microsoft 365 Copilot for GCC Moderate,In development,September CY2025,"We will be introducing a new Usage report covering Microsoft 365 Copilot. This report will include total enabled and active users, Copilot usage with a breakout per Microsoft 365 app, and user-level activity insights (anonymized by default).",https://www.microsoft.com/en-us/microsoft-365/roadmap?featureid=481835,
479755,Microsoft Viva: Viva Glint - Self service for historical imports,In development,September CY2025,This feature will introduce an alternative solution to the existing Advanced Configurations feature that allows an Admin to perform historical imports into the Viva Glint platform. This alternate reduces the number of needed files and offers a simplified user experience to bring historical data into Viva Glint.,https://www.microsoft.com/en-us/microsoft-365/roadmap?featureid=479755,
481559,Outlook: Agents for Microsoft 365 Copilot available in Copilot Chat in classic Outlook for Windows,In development,September CY2025,We will be adding declarative agents support for agents in Copilot Chat in Outlook. This roadmap item tracks availability in classic Outlook for Windows.,https://www.microsoft.com/en-us/microsoft-365/roadmap?featureid=481559,
481826,Add multiple SharePoint agents in a single Teams conversation,In development,September CY2025,"Users can include more than one SharePoint agent as a participant in a Teams group chat, meeting chat, or channel.",https://www.microsoft.com/en-us/microsoft-365/roadmap?featureid=481826,
481824,SharePoint: SharePoint agents are available in Teams app Store,In development,September CY2025,"You can find and add SharePoint agents from the Teams app Store.
",https://www.microsoft.com/en-us/microsoft-365/roadmap?featureid=481824,
481823,SharePoint: SharePoint agents in Teams Mobile,In development,September CY2025,"Use SharePoint agents in Teams Mobile group chats and meetings.
",https://www.microsoft.com/en-us/microsoft-365/roadmap?featureid=481823,
481822,SharePoint: SharePoint Agents in Teams Channels,In development,September CY2025,SharePoint agents can be used in a Teams Channel similar to how they can be used in a Teams Group Chat.,https://www.microsoft.com/en-us/microsoft-365/roadmap?featureid=481822,
478924,Microsoft Viva: Viva Engage - Multi-language posts,In development,September CY2025,Authors of Viva Engage posts will be able to add multiple manually written translations to a single post.,https://www.microsoft.com/en-us/microsoft-365/roadmap?featureid=478924,
480730,Microsoft Purview compliance portal: Insider Risk Management - Risky AI usage,In development,September CY2025,"With this update, Insider Risk Management will help admins identify risky AI usage. We are adding new detections of intentional and unintentional insider risk activity on generative AI apps that can pose a risk to an organization. Activities will include risky prompts containing sensitive info or risky intent and sensitive responses containing sensitive info or is generated from sensitive files or sites.  Coverage will span across Microsoft Copilots and 3P generative AI apps. These detections will also contribute to Adaptive Protection insider risk levels.

Microsoft Purview Insider Risk Management correlates various signals to identify potential malicious or inadvertent insider risks such as IP theft, data leakage, and security violations. Insider Risk Management enables customers to create policies based on their own internal policies, governance, and organizational requirements. Built with privacy by design, users are pseudonymized by default, and role-based access controls and audit logs are in place to help ensure user-level privacy.",https://www.microsoft.com/en-us/microsoft-365/roadmap?featureid=480730,
478611,Microsoft Teams: Facilitator agent ,In development,September CY2025,"The Facilitator agent works alongside you and your team to help you manage your meetings effortlessly. Throughout the meeting, Facilitator takes notes that everyone can co-author, manages the time and agenda, and can quickly surface relevant information from the web or the conversation itself.",https://www.microsoft.com/en-us/microsoft-365/roadmap?featureid=478611,
475058,Microsoft Purview compliance portal: Insider Risk Management - User analytics,In development,September CY2025,"With this feature, insights will be generated for potentially risky behaviors at a user level and will be surfaced across the following experiences:

1) Insider risk management context in DLP alert investigation
2) Insider risk management context in Communication compliance alert investigation
3) Insider risk management context in Microsoft Defender XDR user entity page
4) Advanced hunting in Microsoft Defender XDR  

User analytics will cover all eligible users in the tenant including users not in the scope of any Insider risk management policy. Customers can enable/disable user analytics in their tenant from Insider Risk Management settings.

Microsoft Purview Insider Risk Management correlates various signals to identify potential malicious or inadvertent insider risks, such as IP theft, data leakage, and security violations. Insider Risk Management enables customers to create policies to manage security and compliance. Built with privacy by design, users are pseudonymized by default, and role-based access controls and audit logs are in place to help ensure user-level privacy.  ",https://www.microsoft.com/en-us/microsoft-365/roadmap?featureid=475058,
473461,Word: Draft on a selection and retain your existing formatting,In development,September CY2025,Draft on a selection and retain your existing formatting so that your content is seamless and fits with your document.,https://www.microsoft.com/en-us/microsoft-365/roadmap?featureid=473461,
473439,Outlook: Online archive for shared mailboxes in the new Outlook for Windows,In development,September CY2025,"Online archive mailboxes will appear in the folder pane alongside other accounts, making it easier to access archived content for shared mailboxes. #newoutlookforwindows",https://www.microsoft.com/en-us/microsoft-365/roadmap?featureid=473439,
422324,OneNote: Summary and Q&A in OneNote Mobile with Copilot (Iphone),In development,September CY2025,"With this new Summary feature in OneNote mobile, you can create a short and fluent summary of your longer pages which will help to consume relevant information faster. With the Question and Answer at your fingertips, you can get real-time answers to your queries directly within your notes, enhancing your ability to access and utilize information quickly and effectively.",https://www.microsoft.com/en-us/microsoft-365/roadmap?featureid=422324,
422323,OneNote: Summary and Q&A in OneNote Mobile with Copilot (Android),In development,September CY2025,"With this new Summary feature in OneNote mobile, you can create a short and fluent summary of your longer pages which will help to consume relevant information faster. With the Question and Answer at your fingertips, you can get real-time answers to your queries directly within your notes, enhancing your ability to access and utilize information quickly and effectively.",https://www.microsoft.com/en-us/microsoft-365/roadmap?featureid=422323,
419811,Microsoft Teams: Decorate your background for GCC and GCC High environments (Premium),In development,September CY2025,"Decorate your background is now available to customers in the GCC and GCC High environments. Decorate your background is a generative background effect in Teams that makes meetings more fun and personal by using AI to spruce up your meeting background. Blend your physical and digital spaces, enabling you to revamp what’s seen of your physical meeting space for each call. This technology allows for effortless room clean-ups, adding virtual plants, or festive decorations for special events. Decorate your background requires a Teams Premium license.",https://www.microsoft.com/en-us/microsoft-365/roadmap?featureid=419811,
429646,Microsoft Copilot (Microsoft 365): Copilot Chat - Teams chats in ContextIQ,In development,September CY2025,Users will be able to search for and select Teams chats in ContextIQ to scope their prompts in Copilot Chat.,https://www.microsoft.com/en-us/microsoft-365/roadmap?featureid=429646,
469503,OneDrive: Agents in OneDrive,In development,September CY2025,"Find yourself referencing the same files to Copilot in OneDrive? We are bringing the power of agents to OneDrive, allowing you to build, use, and share your own agents using files and content stored in your OneDrive. This feature requires a Microsoft Copilot for Microsoft 365 license and will be available to commercial customers on OneDrive Web.",https://www.microsoft.com/en-us/microsoft-365/roadmap?featureid=469503,
89975,Microsoft Teams: Ability for all participants to start collaborative annotations,In development,September CY2025,<div><span>All participants in meetings are now able to start collaborative annotations. This will only be available in the new Microsoft Teams experience.</span> </div><div> </div>,https://www.microsoft.com/en-us/microsoft-365/roadmap?featureid=89975,
412621,Microsoft Copilot (Microsoft 365): Viva Connections cards in Microsoft 365 Copilots,In development,September CY2025,"Microsoft 365 Copilot brings Viva Connections cards to conversations. When a card is relevant for a specific topic, the card will surface in the conversation chat and users will be able to interact with it directly from Microsoft 365 Copilot without interrupting the user's flow.",https://www.microsoft.com/en-us/microsoft-365/roadmap?featureid=412621,
396562,Microsoft Graph: Graph API - Copilot for Microsoft 365 usage,In development,September CY2025,"Copilot for Microsoft 365 usage will be added to the Microsoft Graph API, allowing for the creation of customized reporting and analytics. Metrics included in the Graph API will match those available in the Copilot for Microsoft 365 usage report in the Microsoft 365 admin center, including tenant-level count of enabled users and active users, as well as last activity date per user (all up and per Microsoft 365 app).",https://www.microsoft.com/en-us/microsoft-365/roadmap?featureid=396562,
422503,Microsoft Purview compliance portal: Insider Risk Management - Administrative units support,In development,September CY2025,"Administrative units allow admins with appropriate permissions to subdivide the organization into smaller units, and then assign specific admins or role groups that can manage only the members of those units. For example, German administrators can only create/manage policies for only German users, and German investigators can only investigate alerts and activities from only German users.

Microsoft Purview Insider Risk Management correlates various signals to identify potential malicious or inadvertent insider risks, such as IP theft, data leakage, and security violations. Insider Risk Management enables customers to create policies based on their own internal policies, governance, and organizational requirements. Built with privacy by design, users are pseudonymized by default, and role-based access controls and audit logs are in place to help ensure user-level privacy.",https://www.microsoft.com/en-us/microsoft-365/roadmap?featureid=422503,
117531,Microsoft Purview compliance portal: Information Protection - New cmdlet for Content Explorer (U.S. Government clouds),In development,September CY2025,"We apologize for the inconvenience, but this item was updated to Rolling out incorrectly. Thank you for your patience. The Content Explorer Export feature has a limitation of exporting data only after drill down to specific location. This update will allow admins to use a new cmdlet within Security & Compliance PowerShell, Export-ContentExplorerData, to export all rows of data for the content that are scanned and shown on the Content Explorer.",https://www.microsoft.com/en-us/microsoft-365/roadmap?featureid=117531,
423047,Outlook: Mail Merge (Advanced) on Outlook on the Web and new Outlook for Windows,In development,September CY2025,"Mail Merge (Basic) will be improved upon to allow fields to be replaced by values per email address. When Mail Merge (Advanced) is launched, not only will every recipient receive their own email with only their email address in the recipients list, but the emails can further be personalized to include content such as their name. #newoutlookforwindows ",https://www.microsoft.com/en-us/microsoft-365/roadmap?featureid=423047,
397094,"Outlook: Sharing Word, Excel, and PowerPoint local files through the new Outlook for Windows",In development,September CY2025,"When users are in Microsoft Word, Excel, or PowerPoint apps, and they want to share a file that is saved locally in their device (not stored in a cloud location), the new Outlook for Windows will show up as a share target and they will be able to easily email the file. #newoutlookforwindows.",https://www.microsoft.com/en-us/microsoft-365/roadmap?featureid=397094,
420335,Microsoft Edge: Rewrite by Copilot in Edge is being upgraded to include enterprise data protection compliance standards,In development,September CY2025,"Rewrite by Copilot in Edge, which lets users edit typed text for tone, format, and length within an open page in Microsoft Edge, is being updated to include enterprise data protection for commercial customers. Once Rewrite is available, users signed in with a Microsoft Entra ID will have enterprise data protection when using the feature in Microsoft Edge.",https://www.microsoft.com/en-us/microsoft-365/roadmap?featureid=420335,
416062,Microsoft Copilot (Microsoft 365): Scope delegated mailbox access for emails in Business Chat,In development,September CY2025,Scope Copilot queries in emails for delegated mailboxes.,https://www.microsoft.com/en-us/microsoft-365/roadmap?featureid=416062,
382633,Exchange: High Volume Email for Microsoft 365,In development,September CY2025,High Volume Email is a new service for line of business applications and other high-volume SMTP scenarios that enables you to send internal messages beyond the current limits of Exchange Online.,https://www.microsoft.com/en-us/microsoft-365/roadmap?featureid=382633,
381750,Microsoft Purview compliance portal: Data Loss Prevention for endpoints - Optical character recognition (OCR) support for embedded images in endpoint,In development,September CY2025,"This release will extend OCR support from standalone images (JPEG, JPG, PNG, BMP, TIFF, and PDF) to images embedded inside the following files and file types: Office files (XLSX, DOCX, PPTX), container files (zip, rar, 7z, and more), and PDF files. Image-only PDF files are already supported, and this this release will support hybrid PDF files containing images and searchable text.",https://www.microsoft.com/en-us/microsoft-365/roadmap?featureid=381750,
408543,Microsoft Viva: Copilot Headlines report in Advanced Insights,In development,September CY2025,"Insights analysts and leaders are interested in finding highlights and opportunities in their Copilot adoption data, but it can be time-consuming to find the groups that are experiencing dramatic trends or have much higher or lower Copilot usage than expected. Copilot Headlines shows an analyst where interesting things are happening in their data by automatically scanning a query and looking for outliers, changes over time, and differences from dynamic internal benchmarks. Analysts receive the headlines in a Power BI report as a table, along with supporting visualizations to help explore and validate the results.",https://www.microsoft.com/en-us/microsoft-365/roadmap?featureid=408543,
165707,Microsoft Purview compliance portal: Information Protection - Optical character recognition (OCR) support for Exchange Online and Teams,In development,September CY2025,"<div>Optical character recognition (OCR) support will detect sensitive content in images and subsequently apply data loss prevention (DLP) policies to prevent exfiltration of that sensitive data in Exchange Online and Microsoft Teams. This release supports key file types like JPG, JPEG, PNG, TIFF, BMP and PDF (image only PDF). </div><div> </div>",https://www.microsoft.com/en-us/microsoft-365/roadmap?featureid=165707,
